# Region names seeded from the RuneLite Discord plugin (BSD 2-Clause License, Copyright (c) RuneLite contributors), extended with coordinates from the Old School RuneScape Wiki
BOSSES	Abyssal Sire	11851,11850,12363,12362
BOSSES	Alchemical Hydra	5536
BOSSES	Amoxliatl	5446
BOSSES	Araxxor	14489
BOSSES	Barrows	14131,14231
BOSSES	Bryophyta	12955
BOSSES	Cerberus	4883,5140,5395
BOSSES	Commander Zilyana	11602
BOSSES	Corporeal Beast	11842,11844
BOSSES	Corrupted Gauntlet	7768
BOSSES	Dagannoth Kings	11588,11589
BOSSES	Duke Sucellus	12132
BOSSES	Fortis Colosseum	7216
BOSSES	General Graardor	11347
BOSSES	Giant Mole	6993,6992
BOSSES	Grotesque Guardians	6727
BOSSES	Hespori	5021
BOSSES	K'ril Tsutsaroth	11603
BOSSES	Kalphite Queen	13972
BOSSES	Kraken	9116
BOSSES	Kree'arra	11346
BOSSES	Mad Angel	10018
BOSSES	Nex	11601
BOSSES	Nightmare of Ashihama	15515
BOSSES	Perilous Moons	5526,5783,6038
BOSSES	Phantom Muspah	11330
BOSSES	Sarachnis	7322
BOSSES	Scorpia	12961
BOSSES	Shellbane Gryphon	12682
BOSSES	Skotizo	9048
BOSSES	Tempoross	12076
BOSSES	The Gauntlet	12127,7512
BOSSES	The Hueycoatl	5939
BOSSES	The Inferno	9043
BOSSES	The Leviathan	8291
BOSSES	The Royal Titans	11669
BOSSES	The Whisperer	10595
BOSSES	Thermonuclear smoke devil	9363,9619
BOSSES	TzHaar Fight Caves	9551
BOSSES	Vardorvis	4405
BOSSES	Vorkath	9023
BOSSES	Wintertodt	6462
BOSSES	Yama	6045
BOSSES	Zalcano	12126
BOSSES	Zulrah	9007
RAIDS	Chambers of Xeric	12889,13136,13137,13138,13139,13140,13141,13145,13393,13394,13395,13396,13397,13401
RAIDS	Jaltevas Pyramid	13454
RAIDS	Osmumten's Burial Chamber	14672
RAIDS	Theatre of Blood	12611,12612,12613,12867,12869,13122,13123,13125,13379
RAIDS	Tombs of Amascut	14160,14162,14164,14674,14676,15184,15186,15188,15696,15698,15700
MINIGAMES	Ardougne Rat Pits	10646
MINIGAMES	Barbarian Assault	7508,7509,10322
MINIGAMES	Blast Furnace	7757
MINIGAMES	Bounty Hunter	13631
MINIGAMES	Brimhaven Agility Arena	11157
MINIGAMES	Burthorpe Games Room	8781
MINIGAMES	Castle Wars	9520,9620
MINIGAMES	Clan Wars	12621,12622,12623,13130,13131,13133,13134,13135,13386,13387,13390,13641,13642,13643,13644,13645,13646,13647,13899,13900,14155,14156
MINIGAMES	Emir's Arena	13362,13363
MINIGAMES	Fishing Trawler	7499
MINIGAMES	Fortis Colosseum Lobby	7316
MINIGAMES	Giants' Foundry	13491
MINIGAMES	Guardians of the Rift	14484
MINIGAMES	Hallowed Sepulchre	8797,9051,9052,9053,9054,9309,9563,9565,9821,10074,10075,10077
MINIGAMES	Keldagrim Rat Pits	7753
MINIGAMES	LMS - Deserted Island	13658,13659,13660,13914,13915,13916
MINIGAMES	LMS - Wild Varrock	13918,13919,13920,14174,14175,14176,14430,14431,14432
MINIGAMES	Mage Training Arena	13462,13463
MINIGAMES	Nightmare Zone	9033
MINIGAMES	Pest Control	10536
MINIGAMES	Port Sarim Rat Pits	11926
MINIGAMES	Pyramid Plunder	7749
MINIGAMES	Rogues' Den	11854,11855,12109,12110,12111
MINIGAMES	Sorceress's Garden	11605
MINIGAMES	Soul Wars	8493,8748,8749,9005
MINIGAMES	Temple Trekking	8014,8270,8256,8782,9038,9294,9550,9806
MINIGAMES	Tithe Farm	7222
MINIGAMES	Trouble Brewing	15150
MINIGAMES	TzHaar Fight Pits	9552
MINIGAMES	Vale Totems	5428
MINIGAMES	Varrock Rat Pits	11599
MINIGAMES	Volcanic Mine	15263,15262
CITIES	Al Kharid	13105,13106
CITIES	Aldarin	5421,5678
CITIES	Arceuus	6458,6459,6460,6714,6715
CITIES	Ardougne	9779,9780,10035,10036,10291,10292,10547,10548
CITIES	Auburnvale	5684
CITIES	Bandit Camp	12590
CITIES	Barbarian Outpost	10039
CITIES	Barbarian Village	12341
CITIES	Bedabin Camp	12591
CITIES	Brimhaven	11057,11058
CITIES	Burgh de Rott	13874,13873,14130,14129
CITIES	Burthorpe	11319,11575
CITIES	Cam Torum	5525,5780,5781,6037
CITIES	Canifis	13878
CITIES	Catherby	11317,11318,11061
CITIES	Civitas Illa Fortis	6448,6449,6704,6705,6960,6961
CITIES	Corsair Cove	10028,10284
CITIES	Darkmeyer	14388,14644
CITIES	Dorgesh-Kaan	10835,10834
CITIES	Draynor	12338,12339
CITIES	Edgeville	12342
CITIES	Entrana	11060,11316
CITIES	Etceteria	10300
CITIES	Falador	11828,11572,11827,12084
CITIES	Gu'Tanoth	10031
CITIES	Gwenith	8757
CITIES	Hosidius	6710,6711,6712,6455,6456,6966,6967,6968,7221,7223,7224,7478,7479
CITIES	Jatizso	9531
CITIES	Kastori	5423
CITIES	Keldagrim	11423,11422,11679,11678
CITIES	Land's End	5941
CITIES	Lassar Undercity	9314,9315,9316,9571,9572,9828,10338,10339,10340,10596,10852
CITIES	Lletya	9265,11103
CITIES	Lovakengj	5692,5691,5947,6203,6202,5690,5946
CITIES	Lumbridge	12850
CITIES	Lunar Isle	8253,8252,8509,8508
CITIES	Marim	11051
CITIES	Meiyerditch	14132,14387,14386,14385
CITIES	Menaphos	12843
CITIES	Miscellania	10044
CITIES	Mistrock	5420
CITIES	Mor Ul Rek	9808,9807,10064,10063
CITIES	Mort'ton	13875
CITIES	Mos Le'Harmless	14637,14638,14639,14894,14895,15151,15406,15407
CITIES	Mount Karuulm	5179,4923,5180
CITIES	Mountain Camp	11065
CITIES	Mynydd	8501
CITIES	Nardah	13613
CITIES	Neitiznot	9275
CITIES	Nemus Retreat	5427
CITIES	Piscatoris	9273
CITIES	Pollnivneach	13358
CITIES	Port Khazard	10545
CITIES	Port Phasmatys	14646
CITIES	Port Piscarilius	6969,6971,7227,6970,7225,7226
CITIES	Port Roberts	7475
CITIES	Port Sarim	12081,12082
CITIES	Prifddinas	8499,8500,8755,8756,9011,9012,9013,12894,12895,13150,13151
CITIES	Quetzacalli Gorge	5938
CITIES	Rellekka	10297,10553
CITIES	Rimmington	11826,11570
CITIES	Salvager Overlook	6451
CITIES	Sangvesti	10362
CITIES	Seers' Village	10806
CITIES	Shayzien	5944,5943,6200,6199,5686,5687,5688,5689,5945
CITIES	Shilo Village	11310
CITIES	Slepe	14643,14899,14900,14901
CITIES	Sophanem	13099
CITIES	Tai Bwo Wannai	11056,11055
CITIES	Tal Teklan	4912
CITIES	Taverley	11574,11573
CITIES	Tree Gnome Stronghold	9525,9526,9782,9781
CITIES	Tree Gnome Village	10033
CITIES	Troll Stronghold	11321,11421
CITIES	Uzer	13872
CITIES	Uzer Oasis	13871
CITIES	Varrock	12596,12597,12852,12853,12854,13108,13109,13110
CITIES	Ver Sinhaza	14642
CITIES	Void Knights' Outpost	10537
CITIES	Weiss	11325,11581,11326
CITIES	Witchaven	10803
CITIES	Yanille	10288,10032
CITIES	Zanaris	9285,9541,9540,9797
CITIES	Zul-Andra	8495,8751
DUNGEONS	Abandoned Mine	13618,13718,11079,11078,11077,10823,10822,10821
DUNGEONS	Ah Za Rhoon	11666
DUNGEONS	Ancient Cavern	6483,6995
DUNGEONS	Ape Atoll Banana Plantation	10895
DUNGEONS	Ape Atoll Dungeon	11150,10894
DUNGEONS	Ardougne Sewers	10134,10136,10391,10647
DUNGEONS	Asgarnian Ice Caves	11925,12181
DUNGEONS	Brimhaven Dungeon	10901,10900,10899,10645,10644,10643
DUNGEONS	Brine Rat Cavern	10910
DUNGEONS	Buccaneers' Laboratory	8349
DUNGEONS	Catacombs of Kourend	6557,6556,6813,6812
DUNGEONS	Champions' Challenge	12696
DUNGEONS	Chaos Druid Tower	10392
DUNGEONS	Charred Dungeon	10634
DUNGEONS	Chasm of Fire	5789
DUNGEONS	Chasm of Tears	12948
DUNGEONS	Chinchompa Hunting Ground	10129
DUNGEONS	Civitas illa Fortis Underground	6549,6804,6805
DUNGEONS	Clock Tower Basement	10390
DUNGEONS	Coral Nurseries	13094,13194
DUNGEONS	Corsair Cove Dungeon	8076,8332
DUNGEONS	Crabclaw Caves	6553,6809
DUNGEONS	Crandor Dungeon	11414
DUNGEONS	Crash Island Dungeon	12117
DUNGEONS	Crash Site Cavern	8280,8536
DUNGEONS	Crumbling Tower	7827
DUNGEONS	Crypt of Tonali	5267
DUNGEONS	Daeyalt Essence Mine	14744
DUNGEONS	Digsite Dungeon	13464,13465
DUNGEONS	Dorgesh-Kaan South Dungeon	10833
DUNGEONS	Dorgeshuun Mines	12950,13206
DUNGEONS	Dragon Nest	5012
DUNGEONS	Draynor Sewers	12439,12438
DUNGEONS	Dungeon of Tolna	13209
DUNGEONS	Dwarven Mines	12185,12184,12183
DUNGEONS	Eagles' Peak Dungeon	8013
DUNGEONS	Ectofuntus	14746
DUNGEONS	Edgeville Dungeon	12441,12442,12443,12698
DUNGEONS	Elemental Workshop	10906,7760
DUNGEONS	Elven rabbit cave	13252
DUNGEONS	Enakhra's Temple	12423
DUNGEONS	Evil Chicken's Lair	9796
DUNGEONS	Experiment Cave	14235,13979
DUNGEONS	Ferox Enclave Dungeon	12700
DUNGEONS	Forthos Dungeon	7323
DUNGEONS	Fremennik Slayer Dungeon	10907,10908,11164
DUNGEONS	Giants' Den	5786
DUNGEONS	Glarial's Tomb	10137
DUNGEONS	Goblin Cave	10393
DUNGEONS	Goblin Temple	14915
DUNGEONS	Grand Tree Tunnels	9882
DUNGEONS	Grimstone Dungeon	11683
DUNGEONS	H.A.M. Hideout	12694
DUNGEONS	H.A.M. Store room	10321
DUNGEONS	Headless Beast's Lair	4764
DUNGEONS	Heroes' Guild Mine	11674
DUNGEONS	Iorwerth Camp Cave	8855
DUNGEONS	Iorwerth Dungeon	12737,12738,12993,12994
DUNGEONS	Isle of Souls Dungeon	8593
DUNGEONS	Jatizso Mines	9631
DUNGEONS	Jiggig Burial Tomb	9875,9874
DUNGEONS	Jogre Dungeon	11412
DUNGEONS	Karamja Dungeon	11413
DUNGEONS	Karamjan Temple	11408
DUNGEONS	Karuulm Slayer Dungeon	5280,5279,5023,5535,5022,4766,4510,4511,4767,4768,4512
DUNGEONS	Kendal's Lair	11165
DUNGEONS	KGP Headquarters	10658
DUNGEONS	Kruk's Dungeon	9358,9359,9360,9615,9616,9871,10125,10126,10127,10128,10381,10382,10383,10384,10637,10638,10639,10640
DUNGEONS	Kurask Lair	4751
DUNGEONS	Legends' Guild Dungeon	10904
DUNGEONS	Lighthouse	10140
DUNGEONS	Lithkren Vault	6223
DUNGEONS	Lizardman Caves	5275
DUNGEONS	Lizardman Temple	5277
DUNGEONS	Lumbridge Swamp Caves	12693,12949
DUNGEONS	Lunar Isle Mine	9377
DUNGEONS	Maniacal Monkey Hunter Area	11662
DUNGEONS	Meiyerditch Laboratories	14232,14233,14487,14488
DUNGEONS	Meiyerditch Mine	9544
DUNGEONS	Miscellania Dungeon	10144,10400
DUNGEONS	Mogre Camp	11924
DUNGEONS	Morytania Spider Cave	14745
DUNGEONS	Mos Le'Harmless Caves	14994,14995,15251
DUNGEONS	Motherlode Mine	14679,14680,14681,14935,14936,14937,15191,15192,15193
DUNGEONS	Mourner Tunnels	7752,8008
DUNGEONS	Mouse Hole	9046
DUNGEONS	Myreque Hideout	13721,13974,13977,13978
DUNGEONS	Myths' Guild Dungeon	7564,7820,7821
DUNGEONS	Neypotzli	5782
DUNGEONS	Observatory Dungeon	9362
DUNGEONS	Ogre Enclave	10387
DUNGEONS	Ourania Cave	12119
DUNGEONS	Pandemonium Cave	12178
DUNGEONS	Quidamortem Cave	4763
DUNGEONS	Rashiliyta's Tomb	11668
DUNGEONS	Ruins of Camdozaal	11609,11610,11611,11865,11866,11867,12121,12122,12123
DUNGEONS	Ruins of Mokhaiotl	5268
DUNGEONS	Salt Mine	11425
DUNGEONS	Saradomin Shrine (Paterdomus)	13722
DUNGEONS	Scabaras Dungeon	13712
DUNGEONS	Shade Catacombs	13975
DUNGEONS	Shadow Dungeon	10575,10831
DUNGEONS	Shayzien Crypts	6043
DUNGEONS	Sisterhood Sanctuary	14999,15000,15001,15255,15256,15257,15511,15512,15513
DUNGEONS	Smoke Dungeon	12946,13202
DUNGEONS	Sophanem Dungeon	13200
DUNGEONS	Sourhog Cave	12695
DUNGEONS	Stronghold of Security	7505,8017,8530,9297
DUNGEONS	Stronghold Slayer Cave	9624,9625,9880,9881
DUNGEONS	Sunbleak Cave	8840
DUNGEONS	Tarn's Lair	12616,12615
DUNGEONS	Taverley Dungeon	11416,11417,11671,11672,11673,11928,11929
DUNGEONS	Temple of Ikov	10649,10905,10650
DUNGEONS	Temple of Light	7496
DUNGEONS	Temple of Marimbo	11151
DUNGEONS	The Burrow	6291
DUNGEONS	The Warrens	7070,7326
DUNGEONS	Tomb of Bervirius	11154
DUNGEONS	Tonali Cavern	5266
DUNGEONS	Tower of Life Basement	12100
DUNGEONS	Trahaearn Mine	13250
DUNGEONS	Tree Gnome Village Dungeon	10133
DUNGEONS	Troll Kitchen	11677
DUNGEONS	Trollweiss Dungeon	11167
DUNGEONS	Tunnel of Chaos	12625
DUNGEONS	Underground Pass	9369,9370
DUNGEONS	Ungael Laboratory	9123
DUNGEONS	Varrock Sewers	12954,13210
DUNGEONS	Viyeldi Caves	9545,11153
DUNGEONS	Warriors' Guild Basement	11675
DUNGEONS	Water Ravine	13461
DUNGEONS	Waterbirth Dungeon	9886,10142,7492,7748
DUNGEONS	Waterfall Dungeon	10394
DUNGEONS	Werewolf Agility Course	14234
DUNGEONS	West Ardougne Basement	10135
DUNGEONS	White Wolf Mountain Caves	11418,11419
DUNGEONS	Witchhaven Shrine Dungeon	10903
DUNGEONS	Wizards' Tower Basement	12437
DUNGEONS	Wolf Den	6036
DUNGEONS	Woodcutting Guild Dungeon	6298
DUNGEONS	Wyrmscraig Cavern	10374
DUNGEONS	Wyvern Cave	14495,14496
DUNGEONS	Yanille Agility Dungeon	10388
DUNGEONS	Ynysdail Cavern	9114
DUNGEONS	Zemouregal's Base	14151
REGIONS	Abyssal Area	12108
REGIONS	Abyssal Nexus	12106
REGIONS	Agility Pyramid	12105,13356
REGIONS	Air Altar	11339
REGIONS	Al Kharid Mine	13107
REGIONS	Ancient Vault	12644,13156
REGIONS	Anglers' Retreat	9770
REGIONS	Ape Atoll	10794,10795,10974,11050
REGIONS	Arandar	9266,9267,9523
REGIONS	Asgarnia	11825,11829,11830,12085,12086
REGIONS	Avium Savannah	5935,5936,5937,6189,6445,6446,6447,6701,6702,6703,6957,6958,6959,7215
REGIONS	Battlefield	10034
REGIONS	Battlefront	5433,5434
REGIONS	Blast Mine	5948
REGIONS	Body Altar	10059
REGIONS	Brittle Isle	7743
REGIONS	Buccaneers' Haven	8249
REGIONS	Chaos Altar	9035
REGIONS	Charred Island	10533
REGIONS	Chinchompa Island	7477
REGIONS	Cosmic Altar	8523
REGIONS	Cosmic Entity's Plane	8267
REGIONS	Crabclaw Isle	6965
REGIONS	Crafting Guild	11571
REGIONS	Crandor	11314,11315
REGIONS	Crash Island	11562
REGIONS	Dark Altar	6716
REGIONS	Darkmoon Ravine	5165
REGIONS	Death Altar	8779
REGIONS	Death Plateau	11320
REGIONS	Deepfin Point	7723
REGIONS	Dense Essence Mine	6972
REGIONS	Desert Plateau	13361,13617
REGIONS	Digsite	13365
REGIONS	Dognose Island	12073
REGIONS	Dragontooth Island	15159
REGIONS	Draynor Manor	12340
REGIONS	Drill Sergeant's Training Camp	12619
REGIONS	Drumstick Isle	8503
REGIONS	Eagles' Peak	9270
REGIONS	Earth Altar	10571
REGIONS	Enchanted Valley	12102
REGIONS	Evil Twin Crane Room	7504
REGIONS	Exam Centre	13364
REGIONS	Falador Farm	12083
REGIONS	Farming Guild	4922
REGIONS	Feldip Hills	9773,9774,10029,10030,10285,10286,10287,10542,10543
REGIONS	Fenkenstrain's Castle	14135
REGIONS	Fight Arena	10289
REGIONS	Fire Altar	10315
REGIONS	Fisher Realm	10569
REGIONS	Fishing Guild	10293
REGIONS	Fishing Platform	11059
REGIONS	Fossil Island	14650,14651,14652,14906,14907,14908,15162,15163,15164
REGIONS	Freaky Forester's Clearing	10314
REGIONS	Fremennik Isles	9276,9532
REGIONS	Fremennik Province	10296,10552,10808,10809,10810,10811,11064
REGIONS	Frogland	9802
REGIONS	Galvek Shipwrecks	6486,6487,6488,6489,6742,6743,6744,6745
REGIONS	Ghorrock Dungeon	11681
REGIONS	God Wars Dungeon	11578
REGIONS	Gorak's Plane	12115
REGIONS	Grand Exchange	12598
REGIONS	Great Kourend	6201,6457,6713
REGIONS	Grimstone	11583
REGIONS	Harmony Island	15148
REGIONS	Hazelmere's Island	10544
REGIONS	Hunter Guild	6191
REGIONS	Ice Path	11322,11323
REGIONS	Iceberg	10558,10559
REGIONS	Icyene Graveyard	14641,14897,14898
REGIONS	Isafdar	8497,8753,8754,9009,9010
REGIONS	Island of Stone	9790
REGIONS	Isle of Bones	10023
REGIONS	Isle of Serpents	7205
REGIONS	Isle of Souls	8236,8237,8238,8491,8492,8494,8747,8750,9003,9004,9006,9260,9261,9262
REGIONS	Jiggig	9775
REGIONS	Kandarin	9268,9269,9014,9263,9264,9519,9524,9527,9776,9783,10037,10290,10294,10546,10551,10805,11062
REGIONS	Karamja	10801,10802,11054,11311,11312,11313,11566,11567,11568,11569,11822
REGIONS	Kebos Lowlands	4665,4666,4667,4921,5178
REGIONS	Kebos Swamp	4664,4920,5174,5175,5176,5430,5431
REGIONS	Kharazi Jungle	11053,11309,11565,11821
REGIONS	Kharidian Desert	12587,12844,12845,12846,12847,12848,13100,13101,13102,13103,13104,13357,13359,13360,13614,13615,13616,13869,13870
REGIONS	Killerwatt Plane	10577
REGIONS	Kourend Woodland	5942,6197,6453
REGIONS	Laguna Aurorae	4650,4651
REGIONS	Last Light	11300
REGIONS	Law Altar	9803
REGIONS	Legends' Guild	10804
REGIONS	Lighthouse	10040
REGIONS	Lithkren	14142,14398
REGIONS	Lledrith Island	8241
REGIONS	Lumbridge Swamp	12593,12849
REGIONS	Max Island	11063
REGIONS	McGrubor's Wood	10550
REGIONS	Mime's Stage	8010
REGIONS	Mind Altar	11083
REGIONS	Minotaurs' Rest	7728
REGIONS	Misthalin	12594,12595,12851
REGIONS	Molch	5177
REGIONS	Molch Island	5432
REGIONS	Morytania	13619,13620,13621,13622,13876,13877,13879,14133,14134,14389,14390,14391,14645,14647
REGIONS	Mount Quidamortem	4662,4663,4918,4919
REGIONS	Mr. Mordaut's Classroom	7502
REGIONS	Mudskipper Point	11824
REGIONS	Mysterious Old Man's Maze	11591
REGIONS	Myths' Guild	9772
REGIONS	Nature Altar	9547
REGIONS	Necropolis	13098,13353,13354,13609,13610
REGIONS	Northern Tundras	6204,6205,6717
REGIONS	Observatory	9777
REGIONS	Odd One Out	7754
REGIONS	Ortus Farm	6192,6193
REGIONS	Otto's Grotto	10038
REGIONS	Ourania Hunter Area	9778
REGIONS	Pirates' Cove	8763
REGIONS	Piscatoris Hunter Area	9015,9016,9271,9272,9528
REGIONS	Player Owned House	7534,7535,7790,7791,8046,8047,8302,8303
REGIONS	Poison Waste	8752,9008
REGIONS	Port Tyras	8496
REGIONS	Puro-Puro	10307
REGIONS	Quarry	12589
REGIONS	Rainbow's End	9251
REGIONS	Ralos' Rise	5424,5425,5679,5680,5681,5682
REGIONS	Ranging Guild	10549
REGIONS	Ratcatchers Mansion	11343
REGIONS	Red Rock	11047
REGIONS	Remote Island	11816
REGIONS	Ruined Village	10874
REGIONS	Ruins of Ullek	13355,13611,13612
REGIONS	Ruins of Unkah	12588
REGIONS	Rune Essence Mine	11595
REGIONS	ScapeRune	10058,7758,8261
REGIONS	Sea Spirit Dock	12332
REGIONS	Shimmering Atoll	6187
REGIONS	Ship Yard	11823
REGIONS	Silvarea	13366
REGIONS	Sinclair Mansion	10807
REGIONS	Slayer Tower	13623,13723
REGIONS	Soul Altar	7228
REGIONS	Stranglewood Temple	4761
REGIONS	Sunbleak Island	8740
REGIONS	Sunset Coast	5934,6190
REGIONS	Tear of the Soul	9259
REGIONS	The Crown Jewel	6953
REGIONS	The Forsaken Tower	5435
REGIONS	The Graveyard	11070
REGIONS	The Great Conch	12838
REGIONS	The Little Pearl	13346
REGIONS	The Onyx Crest	11811
REGIONS	The Pandemonium	12078
REGIONS	The Scar	8036,8292
REGIONS	The Stranglewood	4403,4404,4659,4660,4661,4916,4917
REGIONS	The Summer Shore	12580,12581
REGIONS	Troll Arena	11576
REGIONS	Trollheim	11577
REGIONS	Trollweiss Mountain	11066,11067,11068
REGIONS	Tutorial Island	12079,12080,12335,12336,12436,12592
REGIONS	Twilight Temple	6706
REGIONS	Underwater	15008,15264
REGIONS	Vatrachos Island	7470
REGIONS	Water Altar	10827
REGIONS	Waterbirth Island	10042
REGIONS	Wintertodt Camp	6461
REGIONS	Wintumber Island	8232
REGIONS	Wizards' Tower	12337
REGIONS	Woodcutting Guild	6198,6454
REGIONS	Wrath Altar	9291
REGIONS	Wyrmscraig	10275
REGIONS	Ynysdail	8758
