# Boss label, then NPC names that count toward it
Abyssal Sire	Abyssal Sire
Alchemical Hydra	Alchemical Hydra
Amoxliatl	Amoxliatl
Araxxor	Araxxor
Artio	Artio
Barrows	Ahrim the Blighted,Dharok the Wretched,Guthan the Infested,Karil the Tainted,Torag the Corrupted,Verac the Defiled
Blood Moon	Blood Moon
Blue Moon	Blue Moon
Brutus	Brutus,Demonic Brutus
Bryophyta	Bryophyta
Callisto	Callisto
Calvar'ion	Calvar'ion
Cerberus	Cerberus
Chaos Elemental	Chaos Elemental
Chaos Fanatic	Chaos Fanatic
Commander Zilyana	Commander Zilyana
Corporeal Beast	Corporeal Beast
Corrupted Gauntlet	Corrupted Hunllef
Crazy Archaeologist	Crazy archaeologist
Dagannoth Kings	Dagannoth Rex,Dagannoth Prime,Dagannoth Supreme
Deranged Archaeologist	Deranged archaeologist
Doom of Mokhaiotl	Doom of Mokhaiotl
Duke Sucellus	Duke Sucellus
Eclipse Moon	Eclipse Moon
General Graardor	General Graardor
Giant Mole	Giant Mole
Grotesque Guardians	Dusk,Dawn
Hespori	Hespori
Kalphite Queen	Kalphite Queen
King Black Dragon	King Black Dragon
Kraken	Kraken
Kree'arra	Kree'arra
K'ril Tsutsaroth	K'ril Tsutsaroth
Mad Angel	Mad Angel
Maggot King	Maggot King
Mimic	The Mimic
Nex	Nex
Nightmare	The Nightmare
Obor	Obor
Phantom Muspah	Phantom Muspah
Phosani's Nightmare	Phosani's Nightmare
Sarachnis	Sarachnis
Scorpia	Scorpia
Scurrius	Scurrius
Shellbane Gryphon	Shellbane gryphon
Skotizo	Skotizo
Sol Heredit	Sol Heredit
Spindel	Spindel
The Gauntlet	Crystalline Hunllef
The Hueycoatl	The Hueycoatl,Hueycoatl body,Hueycoatl tail
The Leviathan	The Leviathan
The Royal Titans	Branda the Fire Queen,Eldric the Ice King
The Whisperer	The Whisperer
Thermonuclear Smoke Devil	Thermonuclear smoke devil
TzKal-Zuk	TzKal-Zuk
TzTok-Jad	TzTok-Jad
Vardorvis	Vardorvis
Venenatis	Venenatis
Vet'ion	Vet'ion
Vorkath	Vorkath
Yama	Yama
Zalcano	Zalcano
Zulrah	Zulrah
